000000000060000908080270010450000003209000000008106090603900200000000000000030546|sstsh3(8)s|Medium|648|20 FullHouse·17 HiddenSingle·1 HiddenTriple·20 NakedSingle·3 LockedCandidatesType1(Pointing)
000790046000000070020004081061000000000003008500000000040100062006000000079082500|sstsh3(4)s|Medium|978|19 FullHouse·9 HiddenSingle·1 HiddenTriple·29 NakedSingle·1 NakedPair·2 NakedTriple·1 LockedPair·5 LockedCandidatesType1(Pointing)·1 LockedCandidatesType2(Claiming)
600471030400300002030050010000007000800000000000630058150004600080000000960010045|sstsh3(7)s|Medium|516|21 FullHouse·5 HiddenSingle·1 HiddenTriple·28 NakedSingle·2 LockedCandidatesType1(Pointing)·1 LockedCandidatesType2(Claiming)
068070010000000005400090872003100900001002000040000053900000000000000700000010038|sstsh3(8)ssts|Medium|572|21 FullHouse·6 HiddenSingle·1 HiddenTriple·31 NakedSingle·1 NakedTriple·2 LockedCandidatesType1(Pointing)
102000050007600089039005600050000060304002007000000000000503120000000000000426095|sstsh3(6)ssts|Hard|760|20 FullHouse·15 HiddenSingle·1 HiddenTriple·20 NakedSingle·1 NakedTriple·1 LockedCandidatesType1(Pointing)·1 XY-Wing
006004020400080000000109800000000002001070080583000040009010038700030009000000700|sstsh3(9)s|Medium|758|20 FullHouse·11 HiddenSingle·1 HiddenTriple·26 NakedSingle·1 NakedTriple·1 LockedPair·4 LockedCandidatesType1(Pointing)
000019500006200000100750069300000200018000000040100005709080300000000000200000076|sstsh3(10)ssts|Medium|998|21 FullHouse·17 HiddenSingle·1 HiddenPair·1 HiddenTriple·19 NakedSingle·1 NakedTriple·6 LockedCandidatesType1(Pointing)·1 LockedCandidatesType2(Claiming)
005046700004001865000000002000090000000003009070100050200800003800502100010000000|sstsh3(8)ssts|Medium|838|19 FullHouse·15 HiddenSingle·1 HiddenTriple·23 NakedSingle·2 NakedTriple·1 LockedPair·1 LockedTriple·2 LockedCandidatesType1(Pointing)
000057800000013094005000070600000000000304620700000080910260000287000000000001000|sstsh3(4)s|Medium|548|21 FullHouse·7 HiddenSingle·1 HiddenTriple·29 NakedSingle·3 LockedCandidatesType1(Pointing)
000000590000051080000200000000090000100400078007300000091004050028705000060000400|sstsh3(8)ssts|Medium|652|20 FullHouse·11 HiddenSingle·1 HiddenTriple·27 NakedSingle·1 NakedPair·2 LockedCandidatesType1(Pointing)·1 LockedCandidatesType2(Claiming)
020000800000000000090010236409605070000004100050020000007000000000096015000007680|sstsh3(8)s|Medium|548|21 FullHouse·12 HiddenSingle·1 HiddenTriple·24 NakedSingle·2 LockedCandidatesType2(Claiming)
000900104120060700000085900000806000040090000510000070300000042854200000000000000|sstsh3(4)s|Medium|848|20 FullHouse·15 HiddenSingle·1 HiddenTriple·22 NakedSingle·1 NakedPair·1 LockedPair·2 LockedTriple·1 LockedCandidatesType1(Pointing)·2 LockedCandidatesType2(Claiming)
270000000000096200050012730000030015000080906000009000000003000640000590730050800|sstsh3(8)ssts|Hard|790|21 FullHouse·11 HiddenSingle·1 HiddenTriple·1 HiddenQuadruple·23 NakedSingle·1 NakedPair·3 LockedCandidatesType1(Pointing)
000700100020046000005100080300000076004009000000000901830605200000300000210000700|sstsh3(7)s|Medium|648|20 FullHouse·5 HiddenSingle·1 HiddenTriple·32 NakedSingle·2 LockedTriple·2 LockedCandidatesType1(Pointing)·1 LockedCandidatesType2(Claiming)
100000030007260015002000470000572000000000000000041006080000050300107000251980000|sstsh3(6)ssts|Hard|1120|21 FullHouse·11 HiddenSingle·1 HiddenTriple·23 NakedSingle·3 NakedPair·1 LockedCandidatesType2(Claiming)·2 XY-Wing·1 X-Wing
020307040497000000000100900000579000500406200000000006800004000000000001601200300|sstsh3(4)ssts|Medium|728|20 FullHouse·9 HiddenSingle·1 HiddenTriple·28 NakedSingle·1 NakedPair·4 LockedCandidatesType1(Pointing)·1 LockedCandidatesType2(Claiming)
180000030002000805940700100000378006000000000000060307030009510004510000000007900|sstsh3(7)ssts|Hard|1170|20 FullHouse·13 HiddenSingle·1 HiddenPair·1 HiddenTriple·22 NakedSingle·1 NakedPair·1 NakedTriple·5 LockedCandidatesType1(Pointing)·2 LockedCandidatesType2(Claiming)·1 XY-Wing
004768320890100000000000004200370050000000000000051200006000900100002070000085000|sstsh3(5)ssts|Hard|668|19 FullHouse·9 HiddenSingle·1 HiddenTriple·29 NakedSingle·1 NakedPair·1 LockedCandidatesType1(Pointing)·1 X-Wing
127003000960280000000501000003007500000000306000000070008000031600002080400009000|sstsh3(4)h3(2)s|Medium|708|20 FullHouse·8 HiddenSingle·2 HiddenTriple·29 NakedSingle·3 LockedCandidatesType1(Pointing)·1 LockedCandidatesType2(Claiming)
071200500000000900000073420030520000000000000219600000603007180000000000900040006|sstsh3(5)ssts|Hard|818|21 FullHouse·13 HiddenSingle·1 HiddenTriple·23 NakedSingle·3 LockedCandidatesType1(Pointing)·1 LockedCandidatesType2(Claiming)·1 XY-Wing
000000400007130080300080000060001000000046050002070840040700000093000210000025000|sstsh3(5)ssts|Medium|818|21 FullHouse·11 HiddenSingle·1 HiddenTriple·25 NakedSingle·1 NakedPair·1 NakedTriple·1 LockedPair·4 LockedCandidatesType1(Pointing)
305601200000000000000802139400000000003100000010080700080095300006040007002000000|sstsh3(4)ssts|Hard|1018|20 FullHouse·10 HiddenSingle·1 HiddenTriple·27 NakedSingle·4 NakedPair·6 LockedCandidatesType1(Pointing)·1 LockedCandidatesType2(Claiming)
001580000060030800000001000030070000000060204507020010950713002000000300000800000|sstsh3(5)s|Medium|658|21 FullHouse·11 HiddenSingle·1 HiddenPair·1 HiddenTriple·25 NakedSingle·3 LockedCandidatesType1(Pointing)
000003007540207300010490080050000176390100000000000000000000000005006000800700029|sstsh3(4)ssts|Hard|828|21 FullHouse·12 HiddenSingle·1 HiddenTriple·24 NakedSingle·1 NakedPair·1 NakedTriple·2 LockedCandidatesType1(Pointing)·1 X-Wing
000020760390640000000050000000800000083000901020001000000000630005007020400090500|sstsh3(1)ssts|Hard|1292|21 FullHouse·10 HiddenSingle·1 HiddenPair·1 HiddenTriple·27 NakedSingle·1 NakedPair·2 NakedTriple·1 LockedTriple·6 LockedCandidatesType1(Pointing)·1 LockedCandidatesType2(Claiming)·1 XY-Wing
000000000705200000008000547503000609006010354000000000000130000060004032090008700|sstsh3(7)sstsh3(4)s|Medium|994|21 FullHouse·10 HiddenSingle·2 HiddenTriple·25 NakedSingle·2 NakedTriple·1 LockedTriple·4 LockedCandidatesType1(Pointing)·1 LockedCandidatesType2(Claiming)
060400000004000000000050060000200080002009700317006002543060290000000003700100000|sstsh3(3)ssts|Medium|888|21 FullHouse·5 HiddenSingle·1 HiddenPair·1 HiddenTriple·31 NakedSingle·1 NakedPair·1 NakedTriple·5 LockedCandidatesType1(Pointing)·1 LockedCandidatesType2(Claiming)
189000200000007000050020008200000079000005060400000000014800000007090000060070031|sstsh3(4)s|Medium|782|19 FullHouse·14 HiddenSingle·1 HiddenTriple·25 NakedSingle·1 NakedPair·4 LockedCandidatesType1(Pointing)·1 LockedCandidatesType2(Claiming)
180430000000001600000000020007205004039000000000070000070020000300008100904500006|sstsh3(3)s|Medium|722|20 FullHouse·12 HiddenSingle·1 HiddenPair·1 HiddenTriple·26 NakedSingle·1 LockedCandidatesType1(Pointing)·3 LockedCandidatesType2(Claiming)
009083400001250003000000900000000000000000208080746005010000072003090000004300000|sstsh3(2)s|Medium|822|19 FullHouse·7 HiddenSingle·1 HiddenPair·1 HiddenTriple·32 NakedSingle·7 LockedCandidatesType1(Pointing)
408200560705000009000000027309058000000000000006003405000106000932000000607020000|sstsh3(1)ssts|Hard|870|20 FullHouse·8 HiddenSingle·1 HiddenTriple·27 NakedSingle·1 NakedPair·5 LockedCandidatesType1(Pointing)·1 XY-Wing
009800000000064031470090000000380070108500000030600002004005710000000600052000000|sstsh3(3)s|Medium|634|19 FullHouse·11 HiddenSingle·1 HiddenTriple·26 NakedSingle·3 LockedCandidatesType1(Pointing)·1 LockedCandidatesType2(Claiming)
809003050600280000004700006000000070100000003000576108008000002015902000240600000|sstsh3(5)s|Medium|496|21 FullHouse·13 HiddenSingle·1 HiddenTriple·20 NakedSingle·1 LockedCandidatesType1(Pointing)
870000000000007530000005000007090068900080120100000000000000054030100006000048009|sstsh3(6)s|Medium|792|20 FullHouse·20 HiddenSingle·1 HiddenTriple·18 NakedSingle·1 LockedTriple·2 LockedCandidatesType1(Pointing)·2 LockedCandidatesType2(Claiming)
900100036800600900000000001006340008005928000000001000062800040000004300400070050|sstsh3(1)ssts|Hard|880|19 FullHouse·8 HiddenSingle·1 HiddenPair·1 HiddenTriple·28 NakedSingle·3 LockedCandidatesType1(Pointing)·2 LockedCandidatesType2(Claiming)·1 XY-Wing
508000002000000100000000074089700000060029001020100006000030205001250060000900410|sstsh3(4)ssts|Medium|770|20 FullHouse·7 HiddenSingle·1 HiddenTriple·28 NakedSingle·1 NakedTriple·2 LockedCandidatesType1(Pointing)·4 LockedCandidatesType2(Claiming)
060970000500000000009001527005090100600820030000007000000000086306002009400000200|sstsh3(5)s|Medium|694|21 FullHouse·4 HiddenSingle·2 HiddenPair·1 HiddenTriple·31 NakedSingle·1 LockedPair·3 LockedCandidatesType1(Pointing)
002006009860503200000020010000004500690700100050000700000000000000049080009830006|sstsh3(10)s|Medium|594|20 FullHouse·6 HiddenSingle·1 HiddenPair·1 HiddenTriple·30 NakedSingle·1 LockedPair·2 LockedCandidatesType1(Pointing)
000068970009034800400000010000500729200000400000000000068093500704000003930000000|sstsh3(5)s|Medium|710|19 FullHouse·8 HiddenSingle·1 HiddenTriple·28 NakedSingle·1 NakedPair·4 LockedCandidatesType1(Pointing)·1 LockedCandidatesType2(Claiming)
000000000080000941040201070409006000000700010713400000005020006000080203800900000|sstsh3(7)ssts|Medium|754|21 FullHouse·10 HiddenSingle·1 HiddenTriple·25 NakedSingle·1 NakedTriple·5 LockedCandidatesType1(Pointing)
050290004000800950080000000000000000002001000060000782097010020000000007000043100|sstsh3(8)s|Medium|676|20 FullHouse·11 HiddenSingle·1 HiddenTriple·28 NakedSingle·1 NakedTriple·2 LockedCandidatesType1(Pointing)·1 LockedCandidatesType2(Claiming)
003800007010000920005001630096740000034500000100000006050000000000697350000000702|sstsh3(3)ssts|Hard|916|20 FullHouse·11 HiddenSingle·1 HiddenPair·1 HiddenTriple·23 NakedSingle·2 NakedPair·1 LockedPair·2 LockedCandidatesType1(Pointing)·1 XY-Wing
000080000000000590200600001047000000509100607008000030000510300600200700000000049|sstsh3(5)s|Medium|642|20 FullHouse·5 HiddenSingle·1 HiddenTriple·33 NakedSingle·1 NakedPair·3 LockedCandidatesType1(Pointing)·1 LockedCandidatesType2(Claiming)
000010000500692084296000000000006000070300000008925000050000023100000400000201056|sstsh3(7)ssts|Medium|700|20 FullHouse·14 HiddenSingle·1 HiddenTriple·21 NakedSingle·1 LockedPair·4 LockedCandidatesType1(Pointing)
060007000003000040500009208250086700041000000630050000000000902070020000000000830|sstsh3(4)sstsh3(8)ssts|Hard|878|21 FullHouse·3 HiddenSingle·2 HiddenTriple·33 NakedSingle·1 NakedPair·2 LockedCandidatesType1(Pointing)·2 LockedCandidatesType2(Claiming)·1 XY-Wing
000036000648970050000000000001000062000002100006000437800000500090020006365049700|sh3(6)s|Medium|502|20 FullHouse·19 HiddenSingle·1 HiddenTriple·14 NakedSingle
000000000000050001008320000042009076000400000065010009006092104520000300000700000|sstsh3(7)ssts|Medium|638|20 FullHouse·15 HiddenSingle·1 HiddenTriple·22 NakedSingle·1 NakedPair·2 LockedCandidatesType1(Pointing)
050713000000000000100002080000000001070250040284100050000047000030509000600030590|sstsh3(7)ssts|Hard|960|18 FullHouse·11 HiddenSingle·1 HiddenTriple·26 NakedSingle·3 NakedPair·1 LockedCandidatesType2(Claiming)·1 XY-Wing·1 X-Wing
800007509100000000000904000052000604473000000000200000000000003068100020500600900|sstsh3(6)s|Medium|612|21 FullHouse·10 HiddenSingle·1 HiddenTriple·27 NakedSingle·1 NakedTriple·2 LockedCandidatesType1(Pointing)
000000020008100006915700000507023048000040030000000000000000000002008903359000000|sstsh3(7)s|Medium|772|20 FullHouse·13 HiddenSingle·1 HiddenTriple·25 NakedSingle·1 NakedPair·5 LockedCandidatesType1(Pointing)
000000006010060000400290000200010368078400050900000010730001084600000000004320000|sstsh3(6)sstsh3(3)ssts|Hard|980|20 FullHouse·12 HiddenSingle·2 HiddenTriple·23 NakedSingle·2 NakedPair·1 NakedTriple·2 LockedCandidatesType1(Pointing)·1 X-Wing
000600040003000005046050009405370090190800000700000000050002003300000618000000000|sstsh3(4)ssts|Medium|488|21 FullHouse·5 HiddenSingle·1 HiddenTriple·31 NakedSingle·1 NakedPair·1 LockedCandidatesType1(Pointing)
090080000025300000001005800960100000000720030000006400000000050000070081010603070|sstsh3(5)ssts|Medium|588|21 FullHouse·11 HiddenSingle·1 HiddenTriple·25 NakedSingle·2 LockedCandidatesType1(Pointing)·1 LockedCandidatesType2(Claiming)
000000006700000080000160250000004000014630500000200000050009403300000075200003060|sstsh3(3)s|Medium|848|21 FullHouse·10 HiddenSingle·1 HiddenPair·1 HiddenTriple·26 NakedSingle·3 LockedCandidatesType1(Pointing)·4 LockedCandidatesType2(Claiming)
004006502006023000000008070010000705740060003390000000800005000000000409000100007|sstsh3(6)ssts|Medium|918|20 FullHouse·6 HiddenSingle·1 HiddenTriple·31 NakedSingle·1 NakedTriple·8 LockedCandidatesType1(Pointing)·1 LockedCandidatesType2(Claiming)
030150000052000009607800000000040210000008530700000000009000002000600041080002900|sstsh3(5)ssts|Medium|668|20 FullHouse·16 HiddenSingle·1 HiddenTriple·21 NakedSingle·1 NakedTriple·2 LockedCandidatesType1(Pointing)
013000070600300100208710500000800000006001400090020008305070000000108000000002960|sstsh3(7)ssts|Medium|770|20 FullHouse·5 HiddenSingle·1 HiddenTriple·30 NakedSingle·1 NakedPair·1 LockedPair·5 LockedCandidatesType1(Pointing)·1 LockedCandidatesType2(Claiming)
500000400000090530690000000008051000000000002030048000002017604900004000014080090|sstsh3(4)s|Medium|734|18 FullHouse·21 HiddenSingle·1 HiddenTriple·17 NakedSingle·4 LockedCandidatesType1(Pointing)
607050000000000100004960000400000020802005070030000009000700203780000000500003000|sstsh3(5)ssts|Medium|896|19 FullHouse·14 HiddenSingle·1 HiddenPair·1 HiddenTriple·26 NakedSingle·6 LockedCandidatesType1(Pointing)·1 LockedCandidatesType2(Claiming)
000090000000000309208031005000470060004002500030608100600000080182000000009000000|sstsh3(5)s|Medium|588|20 FullHouse·2 HiddenSingle·1 HiddenTriple·35 NakedSingle·1 NakedPair·2 LockedPair·2 LockedCandidatesType1(Pointing)
050700000094100780000400062000000040100000073030050006000930004079240300000000000|sstsh3(5)s|Medium|704|21 FullHouse·10 HiddenSingle·1 HiddenTriple·25 NakedSingle·1 NakedTriple·4 LockedCandidatesType1(Pointing)
000800000010057300045069000007000000000000000901000076400908060000006040020540001|sstsh3(6)ssts|Medium|898|21 FullHouse·5 HiddenSingle·1 HiddenTriple·31 NakedSingle·1 NakedPair·1 LockedTriple·7 LockedCandidatesType1(Pointing)·1 LockedCandidatesType2(Claiming)
080000000000020045603005000000562000425700000010000080100000000050004810000900300|sstsh3(3)ssts|Hard|852|20 FullHouse·11 HiddenSingle·1 HiddenTriple·27 NakedSingle·5 LockedCandidatesType1(Pointing)·1 XY-Wing
000906800003200600000500000061000000000000000090710320705800200040030008080600005|sstsh3(6)s|Medium|518|19 FullHouse·14 HiddenSingle·1 HiddenTriple·24 NakedSingle·1 LockedCandidatesType1(Pointing)
005008400000000000000090810049070000000800200000001070608052900900760003401000000|sstsh3(4)ssts|Hard|1048|20 FullHouse·10 HiddenSingle·1 HiddenTriple·27 NakedSingle·1 NakedPair·2 NakedTriple·1 LockedPair·3 LockedCandidatesType1(Pointing)·1 LockedCandidatesType2(Claiming)·1 XY-Wing
906700080081056004040000000000000036000007800000638009004070000005010708000503001|sstsh3(4)s|Medium|806|20 FullHouse·12 HiddenSingle·1 HiddenPair·1 HiddenTriple·22 NakedSingle·5 LockedCandidatesType1(Pointing)·1 LockedCandidatesType2(Claiming)
046000000500810000000009000200000006000000490085300010038070600007600280000000030|sstsh3(6)ssts|Medium|672|21 FullHouse·2 HiddenSingle·1 HiddenPair·1 HiddenTriple·35 NakedSingle·4 LockedCandidatesType1(Pointing)·1 LockedCandidatesType2(Claiming)
900130005500004003700000060000000030002000000000560004009300026001080900004905080|sstsh3(7)ssts|Medium|794|20 FullHouse·4 HiddenSingle·1 HiddenTriple·32 NakedSingle·1 NakedTriple·6 LockedCandidatesType1(Pointing)·1 LockedCandidatesType2(Claiming)
007200000000000000608549000000100030300000254800902701000001093950007042000000000|sstsh3(4)ssts|Medium|860|20 FullHouse·8 HiddenSingle·1 HiddenTriple·27 NakedSingle·1 NakedPair·6 LockedCandidatesType1(Pointing)·2 LockedCandidatesType2(Claiming)
000000509020000800460005003200000901930700000070108000000000000800002300700806250|sstsh3(3)ssts|Hard|1114|20 FullHouse·8 HiddenSingle·1 HiddenTriple·28 NakedSingle·2 NakedTriple·3 LockedCandidatesType1(Pointing)·2 LockedCandidatesType2(Claiming)·1 XY-Wing·1 X-Wing
290843570000000000760000010027090300900350401000000000000100000050000000000030982|sstsh3(4)s|Medium|664|20 FullHouse·7 HiddenSingle·1 HiddenPair·1 HiddenTriple·29 NakedSingle·4 LockedCandidatesType1(Pointing)
009100000000000806001680000000000300680003091300490058200030700000500000000007580|sstsh3(5)s|Medium|604|21 FullHouse·13 HiddenSingle·1 HiddenTriple·22 NakedSingle·3 LockedCandidatesType1(Pointing)
000000043000000060246005000090038000001090706600100000700000000305870002000009008|sstsh3(4)ssts|Medium|848|21 FullHouse·15 HiddenSingle·1 HiddenTriple·21 NakedSingle·2 NakedPair·4 LockedCandidatesType1(Pointing)·1 LockedCandidatesType2(Claiming)
047105000002080700615000000000900075000000060109008300060820009290040000000000000|sh3(5)s|Medium|444|20 FullHouse·12 HiddenSingle·1 HiddenTriple·24 NakedSingle
000068000000730000100000000060200800071600005005007209610000074030000900000000052|sstsh3(5)s|Medium|428|21 FullHouse·5 HiddenSingle·1 HiddenTriple·31 NakedSingle·1 LockedCandidatesType1(Pointing)
005103260000800000000096000200000097054000600000010003390000070028640010000000000|sstsh3(5)ssts|Medium|778|19 FullHouse·5 HiddenSingle·1 HiddenTriple·33 NakedSingle·2 NakedTriple·1 LockedPair·3 LockedCandidatesType1(Pointing)·1 LockedCandidatesType2(Claiming)
002000301700000000300096027970460500000700000064009008401908052500020000000000000|sstsh3(2)ssts|Hard|686|20 FullHouse·7 HiddenSingle·1 HiddenTriple·27 NakedSingle·1 LockedPair·2 LockedCandidatesType2(Claiming)·1 XY-Wing
050000000000700000492000010000000800060059102780204095000095006510003200000000000|sstsh3(4)ssts|Hard|864|20 FullHouse·9 HiddenSingle·1 HiddenTriple·27 NakedSingle·1 NakedPair·1 NakedTriple·3 LockedCandidatesType1(Pointing)·1 XY-Wing
830200007000000065460500200583001000700000009210000000020930048000700006000000020|sstsh3(3)ssts|Medium|530|21 FullHouse·5 HiddenSingle·1 HiddenTriple·29 NakedSingle·1 NakedPair·2 LockedCandidatesType1(Pointing)
860010900001093000000270005430000009000000700005000003009020607020051000000006000|sstsh3(6)ssts|Hard|888|19 FullHouse·14 HiddenSingle·1 HiddenTriple·24 NakedSingle·1 NakedPair·2 LockedCandidatesType1(Pointing)·2 LockedCandidatesType2(Claiming)·1 XY-Wing
580000009000000600340000008004010070000029803000805000700058090003004000000006001|sstsh3(5)s|Medium|688|21 FullHouse·11 HiddenSingle·1 HiddenTriple·25 NakedSingle·4 LockedCandidatesType1(Pointing)·1 LockedCandidatesType2(Claiming)
000241000000380005000000000000800001010000704640000302025013400081050900009000000|sstsh3(5)s|Medium|794|20 FullHouse·12 HiddenSingle·1 HiddenTriple·24 NakedSingle·7 LockedCandidatesType1(Pointing)
040670008096800001000054000070000060000046320200030000000001406051000900000000080|sstsh3(5)ssts|Medium|804|21 FullHouse·10 HiddenSingle·1 HiddenTriple·25 NakedSingle·1 NakedTriple·3 LockedCandidatesType1(Pointing)·3 LockedCandidatesType2(Claiming)
067000000020004570300000018014090000000000007932000000000700300500020000001005920|sstsh3(4)s|Medium|808|20 FullHouse·13 HiddenSingle·1 HiddenTriple·24 NakedSingle·7 LockedCandidatesType1(Pointing)
000028901020000005900040600000010304040002000000000000300000006809605000072400109|sstsh3(5)s|Medium|634|21 FullHouse·3 HiddenSingle·1 HiddenTriple·32 NakedSingle·1 NakedTriple·2 LockedCandidatesType1(Pointing)·2 LockedCandidatesType2(Claiming)
000501730000080062200007010000000000500090670040670089706008000000000000021300000|sstsh3(6)s|Medium|644|19 FullHouse·12 HiddenSingle·1 HiddenTriple·25 NakedSingle·3 LockedCandidatesType1(Pointing)·1 LockedCandidatesType2(Claiming)
420000030000092000000000000002000000000008150000053908906040002080079003047820001|sh3(6)ssts|Hard|580|20 FullHouse·10 HiddenSingle·1 HiddenTriple·25 NakedSingle·1 XY-Wing
010050903009000170000000000002000000000460005090503008036000500000631009400000020|sstsh3(4)s|Medium|678|20 FullHouse·13 HiddenSingle·1 HiddenPair·1 HiddenTriple·24 NakedSingle·1 NakedPair·1 LockedPair·1 LockedCandidatesType1(Pointing)
760000003040900000002640001001500230000800000000006095009000000003051080250000000|sstsh3(4)s|Medium|798|19 FullHouse·17 HiddenSingle·1 HiddenTriple·21 NakedSingle·2 NakedTriple·1 LockedPair·2 LockedCandidatesType1(Pointing)
000007500002000001600800090000000056700000400023000000430000260280001307000040000|sstsh3(5)ssts|Hard|1052|21 FullHouse·10 HiddenSingle·1 HiddenTriple·27 NakedSingle·1 NakedPair·2 NakedTriple·5 LockedCandidatesType1(Pointing)·3 LockedCandidatesType2(Claiming)
600000080002000600000010490050167000000000010008300004895640003030000000040830065|sstsh3(6)ssts|Hard|1256|21 FullHouse·11 HiddenSingle·1 HiddenTriple·22 NakedSingle·2 NakedPair·1 LockedTriple·7 LockedCandidatesType1(Pointing)·1 XY-Wing·1 X-Wing
025007009700000081600000000000506700504300800000000000053020400200000003800104000|sstsh3(4)ssts|Hard|858|20 FullHouse·13 HiddenSingle·1 HiddenTriple·24 NakedSingle·1 NakedPair·2 LockedPair·1 LockedCandidatesType1(Pointing)·1 LockedCandidatesType2(Claiming)·1 XY-Wing
009030000050000900060000701000061040008040302000080050896010400500790000000000000|sstsh3(4)s|Medium|658|21 FullHouse·10 HiddenSingle·1 HiddenTriple·26 NakedSingle·1 NakedTriple·3 LockedCandidatesType1(Pointing)
000046500300009600070810004000100470000000013050000000000008000062005000004960000|sstsh3(6)s|Hard|1162|21 FullHouse·7 HiddenSingle·1 HiddenPair·1 HiddenTriple·30 NakedSingle·1 NakedPair·1 NakedTriple·9 LockedCandidatesType1(Pointing)·2 LockedCandidatesType2(Claiming)
004000008080000700520000000000005600078200000300096007209801003000000094000052000|sstsh3(6)ssts|Hard|1098|19 FullHouse·15 HiddenSingle·1 HiddenTriple·23 NakedSingle·1 NakedPair·5 LockedCandidatesType1(Pointing)·3 LockedCandidatesType2(Claiming)·1 XY-Wing
000000700100700096230068000010000008003010000000000064059004003002056000400000000|sstsh3(8)ssts|Medium|782|19 FullHouse·14 HiddenSingle·1 HiddenTriple·25 NakedSingle·1 NakedPair·3 LockedCandidatesType1(Pointing)·2 LockedCandidatesType2(Claiming)
080004750405009020000000109009106000060302000500000000000000006000007402000241500|sstsh3(7)s|Medium|714|19 FullHouse·8 HiddenSingle·1 HiddenTriple·29 NakedSingle·1 NakedPair·4 LockedCandidatesType1(Pointing)·1 LockedCandidatesType2(Claiming)
000000000052000003083020900000096048046030070000000005000007000630002710005810000|sstsh3(10)s|Medium|654|21 FullHouse·8 HiddenSingle·1 HiddenPair·1 HiddenTriple·27 NakedSingle·1 NakedTriple·2 LockedCandidatesType1(Pointing)
070900300100200005002003000000002060098000000650000070000769250000000030900010400|sstsh3(4)ssts|Hard|1118|21 FullHouse·13 HiddenSingle·1 HiddenTriple·23 NakedSingle·2 NakedPair·1 LockedPair·3 LockedCandidatesType1(Pointing)·1 LockedCandidatesType2(Claiming)·1 XY-Wing·1 X-Wing
950400010008000600000205030300000000000000080729000400100000000000740000000518260|sstsh3(10)ssts|Hard|1052|21 FullHouse·9 HiddenSingle·1 HiddenPair·1 HiddenTriple·28 NakedSingle·1 NakedPair·1 NakedTriple·1 LockedTriple·4 LockedCandidatesType1(Pointing)·1 XY-Wing
700000050008490000006027010000000000050083400000000002040200600020050709107000000|sstsh3(5)ssts|Medium|672|21 FullHouse·7 HiddenSingle·1 HiddenTriple·30 NakedSingle·1 NakedPair·1 LockedTriple·3 LockedCandidatesType1(Pointing)
010038407064000001000000000002307000607090200080024010000000006070000008400000590|sstsh3(9)ssts|Medium|814|21 FullHouse·9 HiddenSingle·1 HiddenTriple·26 NakedSingle·2 NakedPair·1 NakedTriple·4 LockedCandidatesType1(Pointing)
605000000024000008970082600042000739730041200000200000000000000000070900000069801|sstsh3(6)s|Medium|516|20 FullHouse·10 HiddenSingle·1 HiddenTriple·24 NakedSingle·2 LockedCandidatesType1(Pointing)
010000003000000000090150600400093500600500379000000006000730000000002010075010800|sstsh3(3)ssts|Medium|728|21 FullHouse·15 HiddenSingle·1 HiddenTriple·21 NakedSingle·1 NakedPair·1 LockedPair·2 LockedCandidatesType1(Pointing)·1 LockedCandidatesType2(Claiming)
920006300000740006700009504039100005000007002000038000000000000001020000056000103|sstsh3(5)ssts|Medium|994|21 FullHouse·14 HiddenSingle·1 HiddenTriple·21 NakedSingle·2 NakedPair·2 NakedTriple·5 LockedCandidatesType1(Pointing)
000001006653400090000000000080570049000040000002000003107003800000000000009600230|sstsh3(9)ssts|Medium|792|20 FullHouse·13 HiddenSingle·1 HiddenTriple·25 NakedSingle·1 NakedTriple·5 LockedCandidatesType1(Pointing)
100250004700100300000000080006400000000000000207918060080040003002301800340000070|sstsh3(3)s|Medium|640|20 FullHouse·10 HiddenSingle·1 HiddenPair·1 HiddenTriple·25 NakedSingle·3 LockedCandidatesType1(Pointing)
004000370020106500350000000000000009000008000000070183801000000700620001000900000|sstsh3(6)s|Medium|756|19 FullHouse·12 HiddenSingle·1 HiddenTriple·28 NakedSingle·5 LockedCandidatesType1(Pointing)·1 LockedCandidatesType2(Claiming)
000000000698200704400000006502600000000090000009005230000080027004700010050900800|sstsh3(4)s|Medium|874|20 FullHouse·18 HiddenSingle·1 HiddenTriple·18 NakedSingle·1 NakedTriple·1 LockedPair·2 LockedCandidatesType1(Pointing)·3 LockedCandidatesType2(Claiming)
001520600000093000080000001004810007098000000026000000000000050370000082800005100|sstsh3(4)s|Medium|578|19 FullHouse·17 HiddenSingle·1 HiddenTriple·21 NakedSingle·1 NakedTriple
000000006203000080418050000000000002980120005000003140000700460305800000000000001|sstsh3(3)sstsh3(3)ssts|Hard|1208|20 FullHouse·7 HiddenSingle·2 HiddenPair·2 HiddenTriple·30 NakedSingle·1 LockedTriple·6 LockedCandidatesType1(Pointing)·1 LockedCandidatesType2(Claiming)·1 XY-Wing
020083079030009100090040000001500000000000000800097002600008500007000000000006934|sstsh3(4)s|Medium|818|21 FullHouse·6 HiddenSingle·1 HiddenTriple·30 NakedSingle·2 LockedPair·4 LockedCandidatesType1(Pointing)·3 LockedCandidatesType2(Claiming)
409102007000030020800000000070000000000308000068070000900005300035010700000680105|sstsh3(5)s|Medium|494|21 FullHouse·12 HiddenSingle·1 HiddenTriple·23 NakedSingle·1 LockedCandidatesType1(Pointing)
000010570607200001090000000000009030060000020041030006908070604000000000004800700|sstsh3(5)s|Medium|698|20 FullHouse·15 HiddenSingle·1 HiddenPair·1 HiddenTriple·22 NakedSingle·3 LockedCandidatesType1(Pointing)
002000003361000400000008000000906002150000800000000600000070001700050090203000506|sstsh3(7)s|Medium|782|20 FullHouse·10 HiddenSingle·1 HiddenTriple·28 NakedSingle·1 NakedPair·1 LockedPair·3 LockedCandidatesType1(Pointing)·2 LockedCandidatesType2(Claiming)
060092034703000000000060000300000670000005148090000053437050000209806000000000000|sstsh3(6)ssts|Hard|970|21 FullHouse·8 HiddenSingle·1 HiddenTriple·26 NakedSingle·4 LockedCandidatesType1(Pointing)·1 LockedCandidatesType2(Claiming)·2 XY-Wing
000000800060900050079541000600000340048200000002100000700000060001002930000790000|sstsh3(3)s|Medium|584|21 FullHouse·10 HiddenSingle·1 HiddenTriple·25 NakedSingle·1 NakedPair·1 LockedCandidatesType1(Pointing)·1 LockedCandidatesType2(Claiming)
005201003000030000000008000000000085012004009070000010060800070008300602093000000|sstsh3(4)ssts|Hard|662|21 FullHouse·11 HiddenSingle·1 HiddenTriple·26 NakedSingle·1 NakedPair·1 XY-Wing
000400080480002030002000109050070000073000005800930070000000000007004063600800400|sstsh3(4)s|Hard|1174|20 FullHouse·23 HiddenSingle·1 HiddenPair·1 HiddenTriple·13 NakedSingle·1 NakedPair·6 LockedCandidatesType1(Pointing)·1 LockedCandidatesType2(Claiming)·1 X-Wing
000000000000008031000710506560000000010003904304002000071300000050000002009870060|sstsh3(5)ssts|Medium|894|20 FullHouse·9 HiddenSingle·1 HiddenTriple·27 NakedSingle·1 NakedTriple·7 LockedCandidatesType1(Pointing)·1 LockedCandidatesType2(Claiming)
000000003810003504900804070709000000061000000080030000000580400300069005500020600|sstsh3(4)ssts|Hard|920|20 FullHouse·15 HiddenSingle·1 HiddenTriple·20 NakedSingle·2 NakedTriple·2 LockedCandidatesType1(Pointing)·1 LockedCandidatesType2(Claiming)·1 X-Wing
003026100004001072100000080030005000050000630807000000090402000200000007000010500|sstsh3(4)s|Medium|718|20 FullHouse·9 HiddenSingle·1 HiddenTriple·28 NakedSingle·4 LockedCandidatesType1(Pointing)·2 LockedCandidatesType2(Claiming)
058900000090000041003000086000140090000795100000000000000000200030569004785002000|sstsh3(6)s|Medium|660|20 FullHouse·14 HiddenSingle·1 HiddenTriple·21 NakedSingle·3 LockedCandidatesType1(Pointing)·1 LockedCandidatesType2(Claiming)
708000900060000050004300087601003240005060000000080005200000000000720009000841070|sstsh3(5)ssts|Medium|690|21 FullHouse·9 HiddenSingle·1 HiddenTriple·25 NakedSingle·1 NakedTriple·3 LockedCandidatesType1(Pointing)·1 LockedCandidatesType2(Claiming)
000008000000240000004010000000007008310000050409000300000070001008925076200000930|sstsh3(5)s|Medium|718|20 FullHouse·5 HiddenSingle·1 HiddenTriple·32 NakedSingle·1 NakedPair·1 NakedTriple·3 LockedCandidatesType1(Pointing)·1 LockedCandidatesType2(Claiming)
700004060408030000000000100012000009000501080004029000000300700000000056590000410|sstsh3(7)s|Medium|818|20 FullHouse·15 HiddenSingle·1 HiddenTriple·22 NakedSingle·1 LockedPair·6 LockedCandidatesType1(Pointing)
000080000007900061500260300070500004080091007020000056159700000040000005000000000|sstsh3(6)ssts|Hard|904|20 FullHouse·14 HiddenSingle·1 HiddenTriple·22 NakedSingle·1 NakedPair·1 NakedTriple·1 LockedPair·2 LockedCandidatesType1(Pointing)·1 XY-Wing
086900100100067389000000000000100000840030000000200593020005007000000006604000902|sstsh3(5)s|Medium|580|18 FullHouse·8 HiddenSingle·1 HiddenTriple·29 NakedSingle·2 LockedPair·1 LockedCandidatesType1(Pointing)·1 LockedCandidatesType2(Claiming)
050000000000070082000190060000000006019004700000059000700040000100806005268000000|sstsh3(5)s|Medium|812|21 FullHouse·10 HiddenSingle·1 HiddenTriple·27 NakedSingle·1 NakedTriple·5 LockedCandidatesType1(Pointing)·1 LockedCandidatesType2(Claiming)
410900060009017005002608000008370000000000000070005000206700054900042001000000900|sstsh3(6)s|Medium|390|21 FullHouse·2 HiddenSingle·1 HiddenTriple·32 NakedSingle·1 LockedCandidatesType2(Claiming)
000079000260010090000000500030057008120060000006300000000000060058240009003005200|sstsh3(6)ssts|Hard|1144|20 FullHouse·15 HiddenSingle·1 HiddenTriple·21 NakedSingle·1 NakedPair·3 LockedCandidatesType1(Pointing)·3 LockedCandidatesType2(Claiming)·1 XY-Wing·1 Swordfish
000095004800600019015004000050300040060080007107000000000000000000000706008040003|sstsh3(3)s|Medium|842|21 FullHouse·15 HiddenSingle·1 HiddenTriple·22 NakedSingle·1 NakedPair·4 LockedCandidatesType1(Pointing)·2 LockedCandidatesType2(Claiming)
000000000002401306800006700500700801307500000000000200003214050000000060004000000|sstsh3(7)s|Medium|492|20 FullHouse·11 HiddenSingle·1 HiddenTriple·27 NakedSingle·1 LockedCandidatesType1(Pointing)
020050930700020000008900000531000060000000000000400250007200001000081000004007000|sstsh3(5)ssts|Medium|856|19 FullHouse·14 HiddenSingle·1 HiddenPair·1 HiddenTriple·26 NakedSingle·2 NakedTriple·3 LockedCandidatesType1(Pointing)
002000030078040000500080617360000000001950002900400000000100278000070000000000051|sstsh3(3)ssts|Medium|864|18 FullHouse·10 HiddenSingle·1 HiddenTriple·28 NakedSingle·2 NakedPair·1 NakedTriple·1 LockedPair·4 LockedCandidatesType1(Pointing)
076240500000000006030810000000960004500000090000007010829030005000000007000600380|sstsh3(3)ssts|Hard|684|20 FullHouse·15 HiddenSingle·1 HiddenTriple·21 NakedSingle·1 LockedCandidatesType2(Claiming)·1 XY-Wing
014702090200060000000000000000007000083001074400005900070400000860030000000000016|sstsh3(6)ssts|Medium|822|20 FullHouse·16 HiddenSingle·1 HiddenTriple·22 NakedSingle·1 NakedTriple·3 LockedCandidatesType1(Pointing)·2 LockedCandidatesType2(Claiming)
040000007000000100006803200000507839250000000000604000018930060030400058000000000|sstsh3(4)ssts|Hard|914|19 FullHouse·6 HiddenSingle·1 HiddenTriple·31 NakedSingle·1 NakedTriple·1 LockedTriple·5 LockedCandidatesType1(Pointing)·1 X-Wing
000000000090000006000700080008400601060900200300008500610050000000002070970800000|sstsh3(2)ssts|Hard|686|20 FullHouse·8 HiddenSingle·1 HiddenTriple·31 NakedSingle·1 NakedPair·1 LockedCandidatesType2(Claiming)·1 XY-Wing
000070000000000000600803200090000400000350009500010080980504630003001050060000800|sstsh3(5)ssts|Hard|778|21 FullHouse·10 HiddenSingle·1 HiddenTriple·26 NakedSingle·3 LockedCandidatesType1(Pointing)·1 LockedCandidatesType2(Claiming)·1 Swordfish
000400000009070520345010680402700003000201000006000000024005906900000000000000038|sstsh3(5)s|Medium|660|20 FullHouse·14 HiddenSingle·1 HiddenTriple·21 NakedSingle·3 LockedCandidatesType1(Pointing)·1 LockedCandidatesType2(Claiming)
000000068900000030000300004800065300000208790060710000315006400000000000680050000|sstsh3(8)s|Medium|754|21 FullHouse·10 HiddenSingle·1 HiddenTriple·25 NakedSingle·1 NakedTriple·4 LockedCandidatesType1(Pointing)·1 LockedCandidatesType2(Claiming)
600080030700309000200000009005000020000000003004906000009004000000600100060001748|sstsh3(3)ssts|Hard|782|21 FullHouse·6 HiddenSingle·1 HiddenPair·1 HiddenTriple·31 NakedSingle·1 NakedPair·1 LockedCandidatesType1(Pointing)·1 LockedCandidatesType2(Claiming)·1 XY-Wing
016075000008000010000003490070000000000020009590760800800030020000000000100000645|sstsh3(5)s|Medium|638|21 FullHouse·5 HiddenSingle·1 HiddenTriple·31 NakedSingle·1 NakedPair·1 LockedPair·1 LockedTriple·2 LockedCandidatesType1(Pointing)
060900400100000005090040000050001046019500000800672000000000000905200060400000927|sstsh3(7)ssts|Medium|930|21 FullHouse·16 HiddenSingle·1 HiddenTriple·18 NakedSingle·2 NakedPair·2 LockedPair·3 LockedCandidatesType1(Pointing)·2 LockedCandidatesType2(Claiming)
079020000600030400010000906300401850500900000000008000000000000050600300007090120|sstsh3(3)ssts|Hard|738|20 FullHouse·10 HiddenSingle·1 HiddenTriple·27 NakedSingle·3 LockedCandidatesType1(Pointing)·1 XY-Wing
900070001200009800068310009500000000004060010000943006000031200182000007000400000|sstsh3(2)ssts|Medium|946|20 FullHouse·10 HiddenSingle·1 HiddenTriple·24 NakedSingle·1 NakedPair·1 NakedTriple·1 LockedPair·6 LockedCandidatesType1(Pointing)·1 LockedCandidatesType2(Claiming)
010000000000000800800401756040007000000059000520000073000008000070630920003000604|sstsh3(4)ssts|Medium|554|21 FullHouse·3 HiddenSingle·1 HiddenTriple·32 NakedSingle·3 LockedCandidatesType1(Pointing)·1 LockedCandidatesType2(Claiming)
060100009000300080053040007000000000007900001000067000039002500200000000045008920|sstsh3(8)ssts|Medium|728|21 FullHouse·6 HiddenSingle·1 HiddenTriple·30 NakedSingle·1 LockedPair·5 LockedCandidatesType1(Pointing)·1 LockedCandidatesType2(Claiming)
000286074000400000000030082405003006000009000023000000000000000710000830800567200|sstsh3(5)s|Medium|744|19 FullHouse·12 HiddenSingle·1 HiddenPair·1 HiddenTriple·25 NakedSingle·1 NakedTriple·3 LockedCandidatesType1(Pointing)
000000007400100800769080402000600000000000390146000000090070650000009000580004000|sstsh3(8)ssts|Medium|718|21 FullHouse·9 HiddenSingle·1 HiddenTriple·27 NakedSingle·5 LockedCandidatesType1(Pointing)·1 LockedCandidatesType2(Claiming)
036197004901000075000080000009000600000900040100720000004000260003040000000002080|sstsh3(4)ssts|Medium|724|21 FullHouse·8 HiddenSingle·1 HiddenPair·1 HiddenTriple·27 NakedSingle·4 LockedCandidatesType1(Pointing)·1 LockedCandidatesType2(Claiming)
006700000700002180050010900140000000000439000000000605020050490000000300800000056|sstsh3(7)ssts|Medium|638|20 FullHouse·14 HiddenSingle·1 HiddenTriple·23 NakedSingle·2 NakedPair·1 LockedCandidatesType1(Pointing)
400000630002039000007200000040780010000040000020500008706000805100000070000000009|sstsh3(3)s|Medium|842|21 FullHouse·15 HiddenSingle·1 HiddenTriple·22 NakedSingle·1 NakedPair·5 LockedCandidatesType1(Pointing)·1 LockedCandidatesType2(Claiming)
000000040000273000530000800000001003060350108007024059900000000050100000000082010|sstsh3(3)s|Medium|924|20 FullHouse·19 HiddenSingle·1 HiddenTriple·17 NakedSingle·1 NakedPair·7 LockedCandidatesType1(Pointing)
000000400030062009009500600360079004070030010010020000050900081000000700600007000|sstsh3(9)ssts|Hard|994|20 FullHouse·15 HiddenSingle·1 HiddenTriple·21 NakedSingle·4 LockedCandidatesType1(Pointing)·2 XY-Wing
900002000000000478070000001005100007402000000000006805000070000700265900806400750|sstsh3(5)s|Hard|1120|20 FullHouse·11 HiddenSingle·1 HiddenTriple·24 NakedSingle·2 NakedPair·1 NakedTriple·1 LockedPair·9 LockedCandidatesType1(Pointing)
004290600009070003300000405248009070000000000000020810080500000905030000007060000|sstsh3(5)ssts|Medium|804|20 FullHouse·11 HiddenSingle·1 HiddenTriple·25 NakedSingle·1 NakedPair·2 NakedTriple·2 LockedCandidatesType1(Pointing)·1 LockedCandidatesType2(Claiming)
600030000090000500124000070907026400000000350005090000040000000000807200000001046|sstsh3(4)ssts|Hard|868|20 FullHouse·8 HiddenSingle·1 HiddenTriple·29 NakedSingle·3 LockedCandidatesType1(Pointing)·3 LockedCandidatesType2(Claiming)·1 XY-Wing
010200003493000050000000040000069004040700382300000000000000091700000000000010738|sh3(4)s|Medium|428|20 FullHouse·10 HiddenSingle·1 HiddenTriple·27 NakedSingle
000000001050601000000070080000005600020003750400209000067380000030000207100000000|sstsh3(8)ssts|Medium|912|19 FullHouse·17 HiddenSingle·1 HiddenTriple·22 NakedSingle·1 NakedPair·6 LockedCandidatesType1(Pointing)·1 LockedCandidatesType2(Claiming)
010208000070000000008600051003004200006000009029100605000800002000003000040000310|sstsh3(3)s|Medium|738|20 FullHouse·15 HiddenSingle·1 HiddenPair·1 HiddenTriple·22 NakedSingle·1 LockedPair·3 LockedCandidatesType1(Pointing)
000000200910806500700090036100250000005060000209003100000000000000000010823500004|sstsh3(5)s|Medium|504|21 FullHouse·7 HiddenSingle·1 HiddenTriple·28 NakedSingle·1 NakedPair·1 LockedCandidatesType2(Claiming)
060000000005080000007065431500000024000800003480000090000000000910003000740002500|sstsh3(5)s|Medium|958|20 FullHouse·16 HiddenSingle·1 HiddenPair·1 HiddenTriple·21 NakedSingle·7 LockedCandidatesType1(Pointing)·1 LockedCandidatesType2(Claiming)
056100070001000020070000860005600307408000010100900540000074000000820000000000008|sstsh3(9)s|Medium|694|20 FullHouse·13 HiddenSingle·1 HiddenTriple·23 NakedSingle·1 LockedPair·3 LockedCandidatesType1(Pointing)·1 LockedCandidatesType2(Claiming)
900780600028000000030500000000000003100002709000400200014800500000010020009004860|sstsh3(6)s|Medium|614|21 FullHouse·10 HiddenSingle·1 HiddenTriple·25 NakedSingle·1 NakedPair·1 NakedTriple·1 LockedCandidatesType1(Pointing)
000300000000070100583601000000000032090062004001007900000000020400000560960008000|sstsh3(3)ssts|Hard|1148|21 FullHouse·13 HiddenSingle·1 HiddenPair·1 HiddenTriple·23 NakedSingle·1 NakedPair·2 NakedTriple·8 LockedCandidatesType1(Pointing)
210000080000000000000009675096000000080400701420500000000000000000150408000006590|sstsh3(5)s|Medium|752|20 FullHouse·9 HiddenSingle·1 HiddenPair·1 HiddenTriple·29 NakedSingle·1 NakedPair·4 LockedCandidatesType1(Pointing)
120000009000080600040003020000000800000400000070000053000209000006001300034005080|sstsh3(2)ssts|Hard|1446|20 FullHouse·17 HiddenSingle·1 HiddenTriple·22 NakedSingle·4 NakedPair·6 LockedCandidatesType1(Pointing)·2 LockedCandidatesType2(Claiming)·1 XY-Wing·1 X-Wing
000160400000003000000000723050000080900000000004830900800695001607040500000080000|sstsh3(5)s|Medium|668|20 FullHouse·14 HiddenSingle·1 HiddenTriple·23 NakedSingle·3 LockedCandidatesType1(Pointing)·1 LockedCandidatesType2(Claiming)
000408060013009540500000007008092300000000000000006410009060000004200000080003070|sstsh3(4)ssts|Hard|818|20 FullHouse·12 HiddenSingle·1 HiddenTriple·25 NakedSingle·1 NakedPair·3 LockedCandidatesType1(Pointing)·1 XY-Wing
008002070020000180005730009009014800000000000800093005000000000036500004000000200|sstsh3(6)ssts|Hard|1082|21 FullHouse·12 HiddenSingle·1 HiddenTriple·25 NakedSingle·1 NakedTriple·1 LockedPair·6 LockedCandidatesType1(Pointing)·1 LockedCandidatesType2(Claiming)·1 XY-Wing
000010000080200070050039000001020094900000028004000600302000050000040700600008000|sstsh3(5)s|Medium|662|20 FullHouse·17 HiddenSingle·1 HiddenTriple·21 NakedSingle·1 NakedPair·2 LockedCandidatesType1(Pointing)
500083002009000030000010006100700340840000000000000000000050060003042100000000705|sstsh3(2)ssts|Hard|806|20 FullHouse·14 HiddenSingle·1 HiddenTriple·25 NakedSingle·2 NakedPair·1 LockedCandidatesType1(Pointing)·1 XY-Wing
209000480080050021000000000000000800076030019012000070000001000000004500048720060|sstsh3(10)ssts|Medium|624|20 FullHouse·8 HiddenSingle·1 HiddenPair·1 HiddenTriple·28 NakedSingle·3 LockedCandidatesType1(Pointing)
040020013003000052600180000850006000004700000000010000009800704508900300000000000|sstsh3(5)s|Medium|598|20 FullHouse·12 HiddenSingle·1 HiddenTriple·25 NakedSingle·1 NakedPair·1 LockedPair·1 LockedCandidatesType1(Pointing)
006509000703800100080010057000160000400000002000000000000000200300002084007000603|sstsh3(5)s|Medium|702|20 FullHouse·13 HiddenSingle·1 HiddenTriple·25 NakedSingle·1 LockedPair·3 LockedCandidatesType1(Pointing)·1 LockedCandidatesType2(Claiming)
000090000060500100900042053500000480090000037270050000003428075050070000000000000|sstsh3(2)s|Medium|540|20 FullHouse·7 HiddenSingle·1 HiddenTriple·28 NakedSingle·3 LockedCandidatesType1(Pointing)
006040001300120040080000052500900020400050000090000100000009083000000600850030070|sh3(3)ssts|Hard|864|21 FullHouse·10 HiddenSingle·1 HiddenTriple·25 NakedSingle·1 XY-Wing·2 X-Wing
500960081000070000000500073000000000148000000609100000000002100000600947305009600|sstsh3(2)ssts|Hard|1114|21 FullHouse·5 HiddenSingle·1 HiddenTriple·30 NakedSingle·3 NakedPair·2 NakedTriple·1 LockedPair·1 LockedTriple·3 LockedCandidatesType1(Pointing)·1 Swordfish
000002403045360900000040016006003000080000000000000108200004000800006005509020030|sstsh3(12)s|Medium|644|20 FullHouse·12 HiddenSingle·1 HiddenTriple·24 NakedSingle·4 LockedCandidatesType1(Pointing)
000004000000000910040500670091380005007005006006090480800039000002000000000807009|sstsh3(4)s|Medium|600|19 FullHouse·18 HiddenSingle·1 HiddenTriple·18 NakedSingle·2 LockedCandidatesType1(Pointing)
000040000075000091080020300000950000008000650302060000000000107740000020000006800|sstsh3(5)ssts|Hard|1222|19 FullHouse·14 HiddenSingle·2 HiddenPair·1 HiddenTriple·25 NakedSingle·8 LockedCandidatesType1(Pointing)·1 LockedCandidatesType2(Claiming)·1 XY-Wing
800000060000040095000000400170290000002700001009060520003000000900150000200004003|sstsh3(8)s|Medium|678|20 FullHouse·14 HiddenSingle·1 HiddenTriple·23 NakedSingle·1 NakedPair·3 LockedCandidatesType1(Pointing)
120000000000079200000040009563000040000100000000007923000000008050000000470050060|sstsh3(5)s|Medium|786|21 FullHouse·9 HiddenSingle·1 HiddenTriple·29 NakedSingle·1 NakedPair·6 LockedCandidatesType1(Pointing)
850170000000000009073000800080006530300002700004000000000010000090000020000820040|sstsh3(6)ssts|Medium|686|20 FullHouse·6 HiddenSingle·1 HiddenTriple·33 NakedSingle·1 LockedPair·3 LockedCandidatesType1(Pointing)·2 LockedCandidatesType2(Claiming)
009000075056701400108004030000000060000329000090100000200000007000500000040010208|sstsh3(5)ssts|Medium|674|20 FullHouse·12 HiddenSingle·1 HiddenTriple·24 NakedSingle·1 NakedTriple·1 LockedCandidatesType1(Pointing)·2 LockedCandidatesType2(Claiming)
000200000002700005304680007001060730540000060000001000000800076000000503090003000|sstsh3(6)ssts|Hard|1068|20 FullHouse·10 HiddenSingle·2 HiddenPair·1 HiddenTriple·27 NakedSingle·7 LockedCandidatesType1(Pointing)·3 LockedCandidatesType2(Claiming)
410000007065003000000000000008000090000100000000056200001820030059007020070300501|sstsh3(5)ssts|Medium|658|21 FullHouse·3 HiddenSingle·1 HiddenTriple·33 NakedSingle·4 LockedCandidatesType1(Pointing)·2 LockedCandidatesType2(Claiming)
000060000000200195000300260009806300015000000007900000900070020080104009062000000|sstsh3(5)s|Medium|764|20 FullHouse·5 HiddenSingle·1 HiddenPair·1 HiddenTriple·31 NakedSingle·1 NakedTriple·1 LockedPair·3 LockedCandidatesType1(Pointing)·1 LockedCandidatesType2(Claiming)
500000800000010003000576000400000000000040027609020100040000001000030960025700000|sstsh3(5)s|Medium|892|20 FullHouse·8 HiddenSingle·1 HiddenPair·1 HiddenTriple·30 NakedSingle·1 LockedTriple·6 LockedCandidatesType1(Pointing)·1 LockedCandidatesType2(Claiming)
000030000806420900090070560600000000000000004759040001003000785405007006000100000|sstsh3(5)sh3(5)s|Medium|790|21 FullHouse·8 HiddenSingle·2 HiddenPair·2 HiddenTriple·26 NakedSingle·3 LockedCandidatesType1(Pointing)
000000000000700210500000004060950000027000000309060000000000060090486007700095083|sstsh3(3)ssts|Hard|1098|20 FullHouse·14 HiddenSingle·1 HiddenPair·1 HiddenTriple·23 NakedSingle·7 LockedCandidatesType1(Pointing)·1 LockedCandidatesType2(Claiming)·1 XY-Wing
000000090000002304100030720500006940061000050480005002000370008040050670000000000|sstsh3(4)ssts|Medium|620|19 FullHouse·7 HiddenSingle·1 HiddenTriple·29 NakedSingle·1 NakedTriple·3 LockedCandidatesType1(Pointing)
700000040003000107149000200000700000000000004050006079500230060020850403000040000|sstsh3(3)s|Medium|604|21 FullHouse·12 HiddenSingle·1 HiddenTriple·23 NakedSingle·1 NakedPair·2 LockedCandidatesType1(Pointing)
007205906003160007005000000010007020000538070000000009000090000000000048430010000|sstsh3(4)ssts|Medium|518|20 FullHouse·9 HiddenSingle·1 HiddenTriple·28 NakedSingle·2 LockedCandidatesType1(Pointing)
000320000000000850400000007019500000004000000080000721000605079000080005190003040|sstsh3(3)s|Medium|718|20 FullHouse·13 HiddenSingle·1 HiddenTriple·24 NakedSingle·1 NakedPair·4 LockedCandidatesType1(Pointing)
100040500250890030008000000000427100000000000000006047903000600006050209020000008|sstsh3(6)s|Medium|594|20 FullHouse·11 HiddenSingle·1 HiddenTriple·25 NakedSingle·1 NakedPair·2 LockedCandidatesType2(Claiming)
009000000008406090025800060000053600032109000070000000000000002000000480000001075|sstsh3(10)s|Medium|772|20 FullHouse·11 HiddenSingle·1 HiddenTriple·27 NakedSingle·1 NakedTriple·5 LockedCandidatesType1(Pointing)
000486500180520000000700000000000005000000000070642030640003700800050009590000040|sstsh3(3)ssts|Medium|684|21 FullHouse·13 HiddenSingle·1 HiddenTriple·22 NakedSingle·1 NakedTriple·1 LockedCandidatesType1(Pointing)·2 LockedCandidatesType2(Claiming)
103000000006300081400000097000040000000005000600192070000000000069000730071500206|sstsh3(6)ssts|Hard|984|20 FullHouse·14 HiddenSingle·1 HiddenTriple·22 NakedSingle·3 LockedCandidatesType1(Pointing)·1 LockedCandidatesType2(Claiming)·2 XY-Wing
300071000000000004700980010000005100020340068403000000056800000100000000830506009|sstsh3(9)s|Medium|600|19 FullHouse·13 HiddenSingle·1 HiddenTriple·23 NakedSingle·3 LockedCandidatesType1(Pointing)
008267900009000700600000000000000003000096000000000105504103000396050004810000000|sstsh3(7)ssts|Medium|958|21 FullHouse·11 HiddenSingle·1 HiddenPair·1 HiddenTriple·25 NakedSingle·2 NakedPair·1 NakedTriple·4 LockedCandidatesType1(Pointing)·1 LockedCandidatesType2(Claiming)
060078903700000000090000072047009300800000090000035000001460000600000000000502409|sstsh3(4)s|Medium|614|19 FullHouse·10 HiddenSingle·1 HiddenTriple·27 NakedSingle·1 LockedPair·3 LockedCandidatesType1(Pointing)
000905080200000000009000047804000309607100005100008000010000090000800004020601000|sstsh3(4)s|Medium|768|20 FullHouse·16 HiddenSingle·1 HiddenTriple·21 NakedSingle·1 NakedTriple·4 LockedCandidatesType1(Pointing)
406020500000060107008000900690405708540600000000000000000896002000000070000001809|sstsh3(7)s|Medium|580|21 FullHouse·5 HiddenSingle·1 HiddenTriple·29 NakedSingle·1 NakedPair·2 LockedCandidatesType1(Pointing)·1 LockedCandidatesType2(Claiming)
400250700009000002680000000000600000040090050000000006070003980000000013000100400|sstsh3(6)s|Medium|440|21 FullHouse·5 HiddenSingle·1 HiddenTriple·34 NakedSingle·1 LockedCandidatesType2(Claiming)
000005730000000000003007109097036000000802000400000000000100008205003000801000650|sstsh3(5)ssts|Hard|1132|17 FullHouse·11 HiddenSingle·1 HiddenTriple·30 NakedSingle·1 NakedTriple·7 LockedCandidatesType1(Pointing)·2 LockedCandidatesType2(Claiming)·1 XY-Wing
500007400007054930009200700000000071802700000006000002000640000005000000010900360|sstsh3(2)ssts|Hard|854|20 FullHouse·15 HiddenSingle·1 HiddenTriple·21 NakedSingle·1 NakedPair·1 LockedTriple·1 LockedCandidatesType1(Pointing)·1 LockedCandidatesType2(Claiming)·1 XY-Wing
050040020301500804000000005607082000000000000018007300000403008060000100000700040|sstsh3(7)ssts|Hard|738|20 FullHouse·19 HiddenSingle·1 HiddenTriple·18 NakedSingle·1 NakedTriple·1 X-Wing
300047005507900040000000002649008000030000001005600803070125000000000000000003020|sstsh3(5)s|Medium|594|20 FullHouse·9 HiddenSingle·1 HiddenTriple·27 NakedSingle·1 NakedTriple·2 LockedCandidatesType1(Pointing)
000000000000010257019300004400700009070400030003050000800000006020080700056900000|sstsh3(2)ssts|Hard|1008|20 FullHouse·12 HiddenSingle·1 HiddenTriple·25 NakedSingle·2 NakedPair·1 LockedPair·2 LockedCandidatesType1(Pointing)·1 XY-Wing·1 X-Wing
000000000004008973379000000000000009210000687083000120000805000008009700040021000|sstsh3(9)ssts|Hard|800|18 FullHouse·12 HiddenSingle·1 HiddenTriple·25 NakedSingle·1 NakedPair·1 LockedPair·2 LockedCandidatesType1(Pointing)·1 XY-Wing
000060509000000000700010000006080007370600002810029000005000018000003005000800720|sstsh3(2)ssts|Medium|868|21 FullHouse·11 HiddenSingle·1 HiddenPair·1 HiddenTriple·25 NakedSingle·1 NakedPair·3 LockedCandidatesType1(Pointing)·3 LockedCandidatesType2(Claiming)
000000005002003400010006000008590321750020008000060070600800000004000009000000010|sstsh3(4)ssts|Medium|812|19 FullHouse·8 HiddenSingle·1 HiddenTriple·31 NakedSingle·7 LockedCandidatesType1(Pointing)·1 LockedCandidatesType2(Claiming)
007029105090008000000000008005630000000052001304000200000000000402000700000876010|sstsh3(5)s|Medium|718|20 FullHouse·14 HiddenSingle·1 HiddenTriple·23 NakedSingle·3 LockedCandidatesType1(Pointing)·2 LockedCandidatesType2(Claiming)
500003200392000000000000060000005086105620000070000000006710405000054000000008070|sstsh3(4)ssts|Medium|738|20 FullHouse·16 HiddenSingle·1 HiddenTriple·21 NakedSingle·3 LockedCandidatesType1(Pointing)·2 LockedCandidatesType2(Claiming)
640000001000018057080000000000007060020090005800050409000160298000002004000009010|sstsh3(7)ssts|Medium|720|21 FullHouse·12 HiddenSingle·1 HiddenTriple·22 NakedSingle·1 NakedTriple·4 LockedCandidatesType2(Claiming)
080004000600010003000520000000000039503000061007400000700052306000030025000000000|sstsh3(7)sstsh3(6)s|Hard|1102|20 FullHouse·16 HiddenSingle·1 HiddenPair·2 HiddenTriple·22 NakedSingle·1 NakedTriple·1 LockedTriple·5 LockedCandidatesType1(Pointing)·1 LockedCandidatesType2(Claiming)
000400005031000000600007300000000007004800020005213008400700001027980000900000000|sstsh3(6)s|Medium|778|20 FullHouse·16 HiddenSingle·1 HiddenTriple·21 NakedSingle·1 NakedPair·1 NakedTriple·3 LockedCandidatesType1(Pointing)
002900084010000072560200010021000000840070000700800040900053000000090000000000001|sstsh3(3)ssts|Medium|858|20 FullHouse·9 HiddenSingle·1 HiddenTriple·28 NakedSingle·1 NakedPair·1 NakedTriple·6 LockedCandidatesType1(Pointing)
600010723590700000000000008300046001000002000000000062000000000004800010082090050|sstsh3(5)s|Medium|812|21 FullHouse·6 HiddenSingle·1 HiddenTriple·31 NakedSingle·2 NakedPair·1 LockedPair·1 LockedTriple·3 LockedCandidatesType1(Pointing)·1 LockedCandidatesType2(Claiming)
004000000800425090059000030203596000000000000000008006000010007007000029090850000|sstsh3(7)s|Medium|468|19 FullHouse·9 HiddenSingle·1 HiddenTriple·29 NakedSingle·1 LockedCandidatesType2(Claiming)
050003067040000009010060500000020000200000030000004908103879005009600000400000000|sstsh3(2)ssts|Medium|918|21 FullHouse·3 HiddenSingle·1 HiddenPair·1 HiddenTriple·33 NakedSingle·1 NakedPair·1 NakedTriple·6 LockedCandidatesType1(Pointing)·1 LockedCandidatesType2(Claiming)
004380026300000000009060100000020530510930068800000000000006000400000000000815007|sstsh3(9)s|Medium|624|20 FullHouse·15 HiddenSingle·1 HiddenTriple·21 NakedSingle·3 LockedCandidatesType1(Pointing)
030090001007000500920000007095001000800020470000357000000640200000000040200000100|sstsh3(1)ssts|Hard|1158|21 FullHouse·14 HiddenSingle·1 HiddenTriple·22 NakedSingle·2 NakedPair·3 LockedCandidatesType1(Pointing)·2 LockedCandidatesType2(Claiming)·2 XY-Wing
400006050000890003000070004050102490080000000000000230003000005600000000070249000|sstsh3(6)ssts|Medium|832|21 FullHouse·6 HiddenSingle·1 HiddenTriple·31 NakedSingle·1 NakedPair·1 NakedTriple·4 LockedCandidatesType1(Pointing)·2 LockedCandidatesType2(Claiming)